year;stage;domain;metric;entity;status;reason;amount_cents;references;administration
2026;CONSTATE;EQUILIBRE;RECETTES;Total consolidé publié;publication_future;L’exercice annuel n’est pas clôturé à la date de la collecte du 3 octobre 2026.;;[];Direction de la sécurité sociale / commission des comptes de la sécurité sociale
2027;LFSS;EQUILIBRE;RECETTES;Total consolidé publié;publication_future;La LFSS 2027 n’est pas encore votée dans ce lot. Le PLFSS reste une proposition.;;[];Direction de la sécurité sociale / commission des comptes de la sécurité sociale
2027;CONSTATE;EQUILIBRE;RECETTES;Total consolidé publié;publication_future;L’exercice annuel n’est pas clôturé à la date de la collecte du 3 octobre 2026.;;[];Direction de la sécurité sociale / commission des comptes de la sécurité sociale
2026;CONSTATE;EQUILIBRE;RECETTES;Maladie;publication_future;L’exercice annuel n’est pas clôturé à la date de la collecte du 3 octobre 2026.;;[];Direction de la sécurité sociale / commission des comptes de la sécurité sociale
2027;LFSS;EQUILIBRE;RECETTES;Maladie;publication_future;La LFSS 2027 n’est pas encore votée dans ce lot. Le PLFSS reste une proposition.;;[];Direction de la sécurité sociale / commission des comptes de la sécurité sociale
2027;CONSTATE;EQUILIBRE;RECETTES;Maladie;publication_future;L’exercice annuel n’est pas clôturé à la date de la collecte du 3 octobre 2026.;;[];Direction de la sécurité sociale / commission des comptes de la sécurité sociale
2026;CONSTATE;EQUILIBRE;RECETTES;Accidents du travail et maladies professionnelles;publication_future;L’exercice annuel n’est pas clôturé à la date de la collecte du 3 octobre 2026.;;[];Direction de la sécurité sociale / commission des comptes de la sécurité sociale
2027;LFSS;EQUILIBRE;RECETTES;Accidents du travail et maladies professionnelles;publication_future;La LFSS 2027 n’est pas encore votée dans ce lot. Le PLFSS reste une proposition.;;[];Direction de la sécurité sociale / commission des comptes de la sécurité sociale
2027;CONSTATE;EQUILIBRE;RECETTES;Accidents du travail et maladies professionnelles;publication_future;L’exercice annuel n’est pas clôturé à la date de la collecte du 3 octobre 2026.;;[];Direction de la sécurité sociale / commission des comptes de la sécurité sociale
2026;CONSTATE;EQUILIBRE;RECETTES;Vieillesse;publication_future;L’exercice annuel n’est pas clôturé à la date de la collecte du 3 octobre 2026.;;[];Direction de la sécurité sociale / commission des comptes de la sécurité sociale
2027;LFSS;EQUILIBRE;RECETTES;Vieillesse;publication_future;La LFSS 2027 n’est pas encore votée dans ce lot. Le PLFSS reste une proposition.;;[];Direction de la sécurité sociale / commission des comptes de la sécurité sociale
2027;CONSTATE;EQUILIBRE;RECETTES;Vieillesse;publication_future;L’exercice annuel n’est pas clôturé à la date de la collecte du 3 octobre 2026.;;[];Direction de la sécurité sociale / commission des comptes de la sécurité sociale
2026;CONSTATE;EQUILIBRE;RECETTES;Famille;publication_future;L’exercice annuel n’est pas clôturé à la date de la collecte du 3 octobre 2026.;;[];Direction de la sécurité sociale / commission des comptes de la sécurité sociale
2027;LFSS;EQUILIBRE;RECETTES;Famille;publication_future;La LFSS 2027 n’est pas encore votée dans ce lot. Le PLFSS reste une proposition.;;[];Direction de la sécurité sociale / commission des comptes de la sécurité sociale
2027;CONSTATE;EQUILIBRE;RECETTES;Famille;publication_future;L’exercice annuel n’est pas clôturé à la date de la collecte du 3 octobre 2026.;;[];Direction de la sécurité sociale / commission des comptes de la sécurité sociale
2017;PLFSS;EQUILIBRE;RECETTES;Autonomie;ligne_historique_distincte_non_reperee;"Les tableaux historiques consultés ne présentent pas de ligne Autonomie distincte. Aucun zéro imputé ; les postes du tableau restent séparés.";;[];Direction de la sécurité sociale / commission des comptes de la sécurité sociale
2017;LFSS;EQUILIBRE;RECETTES;Autonomie;ligne_historique_distincte_non_reperee;"Les tableaux historiques consultés ne présentent pas de ligne Autonomie distincte. Aucun zéro imputé ; les postes du tableau restent séparés.";;[];Direction de la sécurité sociale / commission des comptes de la sécurité sociale
2017;CONSTATE;EQUILIBRE;RECETTES;Autonomie;ligne_historique_distincte_non_reperee;"Les tableaux historiques consultés ne présentent pas de ligne Autonomie distincte. Aucun zéro imputé ; les postes du tableau restent séparés.";;[];Direction de la sécurité sociale / commission des comptes de la sécurité sociale
2018;PLFSS;EQUILIBRE;RECETTES;Autonomie;ligne_historique_distincte_non_reperee;"Les tableaux historiques consultés ne présentent pas de ligne Autonomie distincte. Aucun zéro imputé ; les postes du tableau restent séparés.";;[];Direction de la sécurité sociale / commission des comptes de la sécurité sociale
2018;LFSS;EQUILIBRE;RECETTES;Autonomie;ligne_historique_distincte_non_reperee;"Les tableaux historiques consultés ne présentent pas de ligne Autonomie distincte. Aucun zéro imputé ; les postes du tableau restent séparés.";;[];Direction de la sécurité sociale / commission des comptes de la sécurité sociale
2018;CONSTATE;EQUILIBRE;RECETTES;Autonomie;ligne_historique_distincte_non_reperee;"Les tableaux historiques consultés ne présentent pas de ligne Autonomie distincte. Aucun zéro imputé ; les postes du tableau restent séparés.";;[];Direction de la sécurité sociale / commission des comptes de la sécurité sociale
2019;PLFSS;EQUILIBRE;RECETTES;Autonomie;ligne_historique_distincte_non_reperee;"Les tableaux historiques consultés ne présentent pas de ligne Autonomie distincte. Aucun zéro imputé ; les postes du tableau restent séparés.";;[];Direction de la sécurité sociale / commission des comptes de la sécurité sociale
2019;LFSS;EQUILIBRE;RECETTES;Autonomie;ligne_historique_distincte_non_reperee;"Les tableaux historiques consultés ne présentent pas de ligne Autonomie distincte. Aucun zéro imputé ; les postes du tableau restent séparés.";;[];Direction de la sécurité sociale / commission des comptes de la sécurité sociale
2019;CONSTATE;EQUILIBRE;RECETTES;Autonomie;ligne_historique_distincte_non_reperee;"Les tableaux historiques consultés ne présentent pas de ligne Autonomie distincte. Aucun zéro imputé ; les postes du tableau restent séparés.";;[];Direction de la sécurité sociale / commission des comptes de la sécurité sociale
2020;PLFSS;EQUILIBRE;RECETTES;Autonomie;ligne_historique_distincte_non_reperee;"Les tableaux historiques consultés ne présentent pas de ligne Autonomie distincte. Aucun zéro imputé ; les postes du tableau restent séparés.";;[];Direction de la sécurité sociale / commission des comptes de la sécurité sociale
2020;LFSS;EQUILIBRE;RECETTES;Autonomie;ligne_historique_distincte_non_reperee;"Les tableaux historiques consultés ne présentent pas de ligne Autonomie distincte. Aucun zéro imputé ; les postes du tableau restent séparés.";;[];Direction de la sécurité sociale / commission des comptes de la sécurité sociale
2020;CONSTATE;EQUILIBRE;RECETTES;Autonomie;ligne_historique_distincte_non_reperee;"Les tableaux historiques consultés ne présentent pas de ligne Autonomie distincte. Aucun zéro imputé ; les postes du tableau restent séparés.";;[];Direction de la sécurité sociale / commission des comptes de la sécurité sociale
2026;CONSTATE;EQUILIBRE;RECETTES;Autonomie;publication_future;L’exercice annuel n’est pas clôturé à la date de la collecte du 3 octobre 2026.;;[];Direction de la sécurité sociale / commission des comptes de la sécurité sociale
2027;LFSS;EQUILIBRE;RECETTES;Autonomie;publication_future;La LFSS 2027 n’est pas encore votée dans ce lot. Le PLFSS reste une proposition.;;[];Direction de la sécurité sociale / commission des comptes de la sécurité sociale
2027;CONSTATE;EQUILIBRE;RECETTES;Autonomie;publication_future;L’exercice annuel n’est pas clôturé à la date de la collecte du 3 octobre 2026.;;[];Direction de la sécurité sociale / commission des comptes de la sécurité sociale
2026;CONSTATE;EQUILIBRE;DEPENSES;Total consolidé publié;publication_future;L’exercice annuel n’est pas clôturé à la date de la collecte du 3 octobre 2026.;;[];Direction de la sécurité sociale / commission des comptes de la sécurité sociale
2027;LFSS;EQUILIBRE;DEPENSES;Total consolidé publié;publication_future;La LFSS 2027 n’est pas encore votée dans ce lot. Le PLFSS reste une proposition.;;[];Direction de la sécurité sociale / commission des comptes de la sécurité sociale
2027;CONSTATE;EQUILIBRE;DEPENSES;Total consolidé publié;publication_future;L’exercice annuel n’est pas clôturé à la date de la collecte du 3 octobre 2026.;;[];Direction de la sécurité sociale / commission des comptes de la sécurité sociale
2026;CONSTATE;EQUILIBRE;DEPENSES;Maladie;publication_future;L’exercice annuel n’est pas clôturé à la date de la collecte du 3 octobre 2026.;;[];Direction de la sécurité sociale / commission des comptes de la sécurité sociale
2027;LFSS;EQUILIBRE;DEPENSES;Maladie;publication_future;La LFSS 2027 n’est pas encore votée dans ce lot. Le PLFSS reste une proposition.;;[];Direction de la sécurité sociale / commission des comptes de la sécurité sociale
2027;CONSTATE;EQUILIBRE;DEPENSES;Maladie;publication_future;L’exercice annuel n’est pas clôturé à la date de la collecte du 3 octobre 2026.;;[];Direction de la sécurité sociale / commission des comptes de la sécurité sociale
2026;CONSTATE;EQUILIBRE;DEPENSES;Accidents du travail et maladies professionnelles;publication_future;L’exercice annuel n’est pas clôturé à la date de la collecte du 3 octobre 2026.;;[];Direction de la sécurité sociale / commission des comptes de la sécurité sociale
2027;LFSS;EQUILIBRE;DEPENSES;Accidents du travail et maladies professionnelles;publication_future;La LFSS 2027 n’est pas encore votée dans ce lot. Le PLFSS reste une proposition.;;[];Direction de la sécurité sociale / commission des comptes de la sécurité sociale
2027;CONSTATE;EQUILIBRE;DEPENSES;Accidents du travail et maladies professionnelles;publication_future;L’exercice annuel n’est pas clôturé à la date de la collecte du 3 octobre 2026.;;[];Direction de la sécurité sociale / commission des comptes de la sécurité sociale
2026;CONSTATE;EQUILIBRE;DEPENSES;Vieillesse;publication_future;L’exercice annuel n’est pas clôturé à la date de la collecte du 3 octobre 2026.;;[];Direction de la sécurité sociale / commission des comptes de la sécurité sociale
2027;LFSS;EQUILIBRE;DEPENSES;Vieillesse;publication_future;La LFSS 2027 n’est pas encore votée dans ce lot. Le PLFSS reste une proposition.;;[];Direction de la sécurité sociale / commission des comptes de la sécurité sociale
2027;CONSTATE;EQUILIBRE;DEPENSES;Vieillesse;publication_future;L’exercice annuel n’est pas clôturé à la date de la collecte du 3 octobre 2026.;;[];Direction de la sécurité sociale / commission des comptes de la sécurité sociale
2026;CONSTATE;EQUILIBRE;DEPENSES;Famille;publication_future;L’exercice annuel n’est pas clôturé à la date de la collecte du 3 octobre 2026.;;[];Direction de la sécurité sociale / commission des comptes de la sécurité sociale
2027;LFSS;EQUILIBRE;DEPENSES;Famille;publication_future;La LFSS 2027 n’est pas encore votée dans ce lot. Le PLFSS reste une proposition.;;[];Direction de la sécurité sociale / commission des comptes de la sécurité sociale
2027;CONSTATE;EQUILIBRE;DEPENSES;Famille;publication_future;L’exercice annuel n’est pas clôturé à la date de la collecte du 3 octobre 2026.;;[];Direction de la sécurité sociale / commission des comptes de la sécurité sociale
2017;PLFSS;EQUILIBRE;DEPENSES;Autonomie;ligne_historique_distincte_non_reperee;"Les tableaux historiques consultés ne présentent pas de ligne Autonomie distincte. Aucun zéro imputé ; les postes du tableau restent séparés.";;[];Direction de la sécurité sociale / commission des comptes de la sécurité sociale
2017;LFSS;EQUILIBRE;DEPENSES;Autonomie;ligne_historique_distincte_non_reperee;"Les tableaux historiques consultés ne présentent pas de ligne Autonomie distincte. Aucun zéro imputé ; les postes du tableau restent séparés.";;[];Direction de la sécurité sociale / commission des comptes de la sécurité sociale
2017;CONSTATE;EQUILIBRE;DEPENSES;Autonomie;ligne_historique_distincte_non_reperee;"Les tableaux historiques consultés ne présentent pas de ligne Autonomie distincte. Aucun zéro imputé ; les postes du tableau restent séparés.";;[];Direction de la sécurité sociale / commission des comptes de la sécurité sociale
2018;PLFSS;EQUILIBRE;DEPENSES;Autonomie;ligne_historique_distincte_non_reperee;"Les tableaux historiques consultés ne présentent pas de ligne Autonomie distincte. Aucun zéro imputé ; les postes du tableau restent séparés.";;[];Direction de la sécurité sociale / commission des comptes de la sécurité sociale
2018;LFSS;EQUILIBRE;DEPENSES;Autonomie;ligne_historique_distincte_non_reperee;"Les tableaux historiques consultés ne présentent pas de ligne Autonomie distincte. Aucun zéro imputé ; les postes du tableau restent séparés.";;[];Direction de la sécurité sociale / commission des comptes de la sécurité sociale
2018;CONSTATE;EQUILIBRE;DEPENSES;Autonomie;ligne_historique_distincte_non_reperee;"Les tableaux historiques consultés ne présentent pas de ligne Autonomie distincte. Aucun zéro imputé ; les postes du tableau restent séparés.";;[];Direction de la sécurité sociale / commission des comptes de la sécurité sociale
2019;PLFSS;EQUILIBRE;DEPENSES;Autonomie;ligne_historique_distincte_non_reperee;"Les tableaux historiques consultés ne présentent pas de ligne Autonomie distincte. Aucun zéro imputé ; les postes du tableau restent séparés.";;[];Direction de la sécurité sociale / commission des comptes de la sécurité sociale
2019;LFSS;EQUILIBRE;DEPENSES;Autonomie;ligne_historique_distincte_non_reperee;"Les tableaux historiques consultés ne présentent pas de ligne Autonomie distincte. Aucun zéro imputé ; les postes du tableau restent séparés.";;[];Direction de la sécurité sociale / commission des comptes de la sécurité sociale
2019;CONSTATE;EQUILIBRE;DEPENSES;Autonomie;ligne_historique_distincte_non_reperee;"Les tableaux historiques consultés ne présentent pas de ligne Autonomie distincte. Aucun zéro imputé ; les postes du tableau restent séparés.";;[];Direction de la sécurité sociale / commission des comptes de la sécurité sociale
2020;PLFSS;EQUILIBRE;DEPENSES;Autonomie;ligne_historique_distincte_non_reperee;"Les tableaux historiques consultés ne présentent pas de ligne Autonomie distincte. Aucun zéro imputé ; les postes du tableau restent séparés.";;[];Direction de la sécurité sociale / commission des comptes de la sécurité sociale
2020;LFSS;EQUILIBRE;DEPENSES;Autonomie;ligne_historique_distincte_non_reperee;"Les tableaux historiques consultés ne présentent pas de ligne Autonomie distincte. Aucun zéro imputé ; les postes du tableau restent séparés.";;[];Direction de la sécurité sociale / commission des comptes de la sécurité sociale
2020;CONSTATE;EQUILIBRE;DEPENSES;Autonomie;ligne_historique_distincte_non_reperee;"Les tableaux historiques consultés ne présentent pas de ligne Autonomie distincte. Aucun zéro imputé ; les postes du tableau restent séparés.";;[];Direction de la sécurité sociale / commission des comptes de la sécurité sociale
2026;CONSTATE;EQUILIBRE;DEPENSES;Autonomie;publication_future;L’exercice annuel n’est pas clôturé à la date de la collecte du 3 octobre 2026.;;[];Direction de la sécurité sociale / commission des comptes de la sécurité sociale
2027;LFSS;EQUILIBRE;DEPENSES;Autonomie;publication_future;La LFSS 2027 n’est pas encore votée dans ce lot. Le PLFSS reste une proposition.;;[];Direction de la sécurité sociale / commission des comptes de la sécurité sociale
2027;CONSTATE;EQUILIBRE;DEPENSES;Autonomie;publication_future;L’exercice annuel n’est pas clôturé à la date de la collecte du 3 octobre 2026.;;[];Direction de la sécurité sociale / commission des comptes de la sécurité sociale
2026;CONSTATE;EQUILIBRE;SOLDE;Total consolidé publié;publication_future;L’exercice annuel n’est pas clôturé à la date de la collecte du 3 octobre 2026.;;[];Direction de la sécurité sociale / commission des comptes de la sécurité sociale
2027;LFSS;EQUILIBRE;SOLDE;Total consolidé publié;publication_future;La LFSS 2027 n’est pas encore votée dans ce lot. Le PLFSS reste une proposition.;;[];Direction de la sécurité sociale / commission des comptes de la sécurité sociale
2027;CONSTATE;EQUILIBRE;SOLDE;Total consolidé publié;publication_future;L’exercice annuel n’est pas clôturé à la date de la collecte du 3 octobre 2026.;;[];Direction de la sécurité sociale / commission des comptes de la sécurité sociale
2026;CONSTATE;EQUILIBRE;SOLDE;Maladie;publication_future;L’exercice annuel n’est pas clôturé à la date de la collecte du 3 octobre 2026.;;[];Direction de la sécurité sociale / commission des comptes de la sécurité sociale
2027;LFSS;EQUILIBRE;SOLDE;Maladie;publication_future;La LFSS 2027 n’est pas encore votée dans ce lot. Le PLFSS reste une proposition.;;[];Direction de la sécurité sociale / commission des comptes de la sécurité sociale
2027;CONSTATE;EQUILIBRE;SOLDE;Maladie;publication_future;L’exercice annuel n’est pas clôturé à la date de la collecte du 3 octobre 2026.;;[];Direction de la sécurité sociale / commission des comptes de la sécurité sociale
2026;CONSTATE;EQUILIBRE;SOLDE;Accidents du travail et maladies professionnelles;publication_future;L’exercice annuel n’est pas clôturé à la date de la collecte du 3 octobre 2026.;;[];Direction de la sécurité sociale / commission des comptes de la sécurité sociale
2027;LFSS;EQUILIBRE;SOLDE;Accidents du travail et maladies professionnelles;publication_future;La LFSS 2027 n’est pas encore votée dans ce lot. Le PLFSS reste une proposition.;;[];Direction de la sécurité sociale / commission des comptes de la sécurité sociale
2027;CONSTATE;EQUILIBRE;SOLDE;Accidents du travail et maladies professionnelles;publication_future;L’exercice annuel n’est pas clôturé à la date de la collecte du 3 octobre 2026.;;[];Direction de la sécurité sociale / commission des comptes de la sécurité sociale
2026;CONSTATE;EQUILIBRE;SOLDE;Vieillesse;publication_future;L’exercice annuel n’est pas clôturé à la date de la collecte du 3 octobre 2026.;;[];Direction de la sécurité sociale / commission des comptes de la sécurité sociale
2027;LFSS;EQUILIBRE;SOLDE;Vieillesse;publication_future;La LFSS 2027 n’est pas encore votée dans ce lot. Le PLFSS reste une proposition.;;[];Direction de la sécurité sociale / commission des comptes de la sécurité sociale
2027;CONSTATE;EQUILIBRE;SOLDE;Vieillesse;publication_future;L’exercice annuel n’est pas clôturé à la date de la collecte du 3 octobre 2026.;;[];Direction de la sécurité sociale / commission des comptes de la sécurité sociale
2026;CONSTATE;EQUILIBRE;SOLDE;Famille;publication_future;L’exercice annuel n’est pas clôturé à la date de la collecte du 3 octobre 2026.;;[];Direction de la sécurité sociale / commission des comptes de la sécurité sociale
2027;LFSS;EQUILIBRE;SOLDE;Famille;publication_future;La LFSS 2027 n’est pas encore votée dans ce lot. Le PLFSS reste une proposition.;;[];Direction de la sécurité sociale / commission des comptes de la sécurité sociale
2027;CONSTATE;EQUILIBRE;SOLDE;Famille;publication_future;L’exercice annuel n’est pas clôturé à la date de la collecte du 3 octobre 2026.;;[];Direction de la sécurité sociale / commission des comptes de la sécurité sociale
2017;PLFSS;EQUILIBRE;SOLDE;Autonomie;ligne_historique_distincte_non_reperee;"Les tableaux historiques consultés ne présentent pas de ligne Autonomie distincte. Aucun zéro imputé ; les postes du tableau restent séparés.";;[];Direction de la sécurité sociale / commission des comptes de la sécurité sociale
2017;LFSS;EQUILIBRE;SOLDE;Autonomie;ligne_historique_distincte_non_reperee;"Les tableaux historiques consultés ne présentent pas de ligne Autonomie distincte. Aucun zéro imputé ; les postes du tableau restent séparés.";;[];Direction de la sécurité sociale / commission des comptes de la sécurité sociale
2017;CONSTATE;EQUILIBRE;SOLDE;Autonomie;ligne_historique_distincte_non_reperee;"Les tableaux historiques consultés ne présentent pas de ligne Autonomie distincte. Aucun zéro imputé ; les postes du tableau restent séparés.";;[];Direction de la sécurité sociale / commission des comptes de la sécurité sociale
2018;PLFSS;EQUILIBRE;SOLDE;Autonomie;ligne_historique_distincte_non_reperee;"Les tableaux historiques consultés ne présentent pas de ligne Autonomie distincte. Aucun zéro imputé ; les postes du tableau restent séparés.";;[];Direction de la sécurité sociale / commission des comptes de la sécurité sociale
2018;LFSS;EQUILIBRE;SOLDE;Autonomie;ligne_historique_distincte_non_reperee;"Les tableaux historiques consultés ne présentent pas de ligne Autonomie distincte. Aucun zéro imputé ; les postes du tableau restent séparés.";;[];Direction de la sécurité sociale / commission des comptes de la sécurité sociale
2018;CONSTATE;EQUILIBRE;SOLDE;Autonomie;ligne_historique_distincte_non_reperee;"Les tableaux historiques consultés ne présentent pas de ligne Autonomie distincte. Aucun zéro imputé ; les postes du tableau restent séparés.";;[];Direction de la sécurité sociale / commission des comptes de la sécurité sociale
2019;PLFSS;EQUILIBRE;SOLDE;Autonomie;ligne_historique_distincte_non_reperee;"Les tableaux historiques consultés ne présentent pas de ligne Autonomie distincte. Aucun zéro imputé ; les postes du tableau restent séparés.";;[];Direction de la sécurité sociale / commission des comptes de la sécurité sociale
2019;LFSS;EQUILIBRE;SOLDE;Autonomie;ligne_historique_distincte_non_reperee;"Les tableaux historiques consultés ne présentent pas de ligne Autonomie distincte. Aucun zéro imputé ; les postes du tableau restent séparés.";;[];Direction de la sécurité sociale / commission des comptes de la sécurité sociale
2019;CONSTATE;EQUILIBRE;SOLDE;Autonomie;ligne_historique_distincte_non_reperee;"Les tableaux historiques consultés ne présentent pas de ligne Autonomie distincte. Aucun zéro imputé ; les postes du tableau restent séparés.";;[];Direction de la sécurité sociale / commission des comptes de la sécurité sociale
2020;PLFSS;EQUILIBRE;SOLDE;Autonomie;ligne_historique_distincte_non_reperee;"Les tableaux historiques consultés ne présentent pas de ligne Autonomie distincte. Aucun zéro imputé ; les postes du tableau restent séparés.";;[];Direction de la sécurité sociale / commission des comptes de la sécurité sociale
2020;LFSS;EQUILIBRE;SOLDE;Autonomie;ligne_historique_distincte_non_reperee;"Les tableaux historiques consultés ne présentent pas de ligne Autonomie distincte. Aucun zéro imputé ; les postes du tableau restent séparés.";;[];Direction de la sécurité sociale / commission des comptes de la sécurité sociale
2020;CONSTATE;EQUILIBRE;SOLDE;Autonomie;ligne_historique_distincte_non_reperee;"Les tableaux historiques consultés ne présentent pas de ligne Autonomie distincte. Aucun zéro imputé ; les postes du tableau restent séparés.";;[];Direction de la sécurité sociale / commission des comptes de la sécurité sociale
2026;CONSTATE;EQUILIBRE;SOLDE;Autonomie;publication_future;L’exercice annuel n’est pas clôturé à la date de la collecte du 3 octobre 2026.;;[];Direction de la sécurité sociale / commission des comptes de la sécurité sociale
2027;LFSS;EQUILIBRE;SOLDE;Autonomie;publication_future;La LFSS 2027 n’est pas encore votée dans ce lot. Le PLFSS reste une proposition.;;[];Direction de la sécurité sociale / commission des comptes de la sécurité sociale
2027;CONSTATE;EQUILIBRE;SOLDE;Autonomie;publication_future;L’exercice annuel n’est pas clôturé à la date de la collecte du 3 octobre 2026.;;[];Direction de la sécurité sociale / commission des comptes de la sécurité sociale
2026;CONSTATE;ONDAM;DEPENSES;Total ONDAM publié;publication_future;L’exercice annuel n’est pas clôturé à la date de la collecte du 3 octobre 2026.;;[];Direction de la sécurité sociale / commission des comptes de la sécurité sociale
2027;LFSS;ONDAM;DEPENSES;Total ONDAM publié;publication_future;La LFSS 2027 n’est pas encore votée dans ce lot. Le PLFSS reste une proposition.;;[];Direction de la sécurité sociale / commission des comptes de la sécurité sociale
2027;CONSTATE;ONDAM;DEPENSES;Total ONDAM publié;publication_future;L’exercice annuel n’est pas clôturé à la date de la collecte du 3 octobre 2026.;;[];Direction de la sécurité sociale / commission des comptes de la sécurité sociale
2026;CONSTATE;ONDAM;DEPENSES;Soins de ville;publication_future;L’exercice annuel n’est pas clôturé à la date de la collecte du 3 octobre 2026.;;[];Direction de la sécurité sociale / commission des comptes de la sécurité sociale
2027;LFSS;ONDAM;DEPENSES;Soins de ville;publication_future;La LFSS 2027 n’est pas encore votée dans ce lot. Le PLFSS reste une proposition.;;[];Direction de la sécurité sociale / commission des comptes de la sécurité sociale
2027;CONSTATE;ONDAM;DEPENSES;Soins de ville;publication_future;L’exercice annuel n’est pas clôturé à la date de la collecte du 3 octobre 2026.;;[];Direction de la sécurité sociale / commission des comptes de la sécurité sociale
2026;CONSTATE;ONDAM;DEPENSES;Établissements de santé;publication_future;L’exercice annuel n’est pas clôturé à la date de la collecte du 3 octobre 2026.;;[];Direction de la sécurité sociale / commission des comptes de la sécurité sociale
2027;LFSS;ONDAM;DEPENSES;Établissements de santé;publication_future;La LFSS 2027 n’est pas encore votée dans ce lot. Le PLFSS reste une proposition.;;[];Direction de la sécurité sociale / commission des comptes de la sécurité sociale
2027;CONSTATE;ONDAM;DEPENSES;Établissements de santé;publication_future;L’exercice annuel n’est pas clôturé à la date de la collecte du 3 octobre 2026.;;[];Direction de la sécurité sociale / commission des comptes de la sécurité sociale
2026;CONSTATE;ONDAM;DEPENSES;Établissements et services pour personnes âgées;publication_future;L’exercice annuel n’est pas clôturé à la date de la collecte du 3 octobre 2026.;;[];Direction de la sécurité sociale / commission des comptes de la sécurité sociale
2027;LFSS;ONDAM;DEPENSES;Établissements et services pour personnes âgées;publication_future;La LFSS 2027 n’est pas encore votée dans ce lot. Le PLFSS reste une proposition.;;[];Direction de la sécurité sociale / commission des comptes de la sécurité sociale
2027;CONSTATE;ONDAM;DEPENSES;Établissements et services pour personnes âgées;publication_future;L’exercice annuel n’est pas clôturé à la date de la collecte du 3 octobre 2026.;;[];Direction de la sécurité sociale / commission des comptes de la sécurité sociale
2026;CONSTATE;ONDAM;DEPENSES;Établissements et services pour personnes handicapées;publication_future;L’exercice annuel n’est pas clôturé à la date de la collecte du 3 octobre 2026.;;[];Direction de la sécurité sociale / commission des comptes de la sécurité sociale
2027;LFSS;ONDAM;DEPENSES;Établissements et services pour personnes handicapées;publication_future;La LFSS 2027 n’est pas encore votée dans ce lot. Le PLFSS reste une proposition.;;[];Direction de la sécurité sociale / commission des comptes de la sécurité sociale
2027;CONSTATE;ONDAM;DEPENSES;Établissements et services pour personnes handicapées;publication_future;L’exercice annuel n’est pas clôturé à la date de la collecte du 3 octobre 2026.;;[];Direction de la sécurité sociale / commission des comptes de la sécurité sociale
2026;CONSTATE;ONDAM;DEPENSES;Fonds d’intervention régional et soutien à l’investissement;publication_future;L’exercice annuel n’est pas clôturé à la date de la collecte du 3 octobre 2026.;;[];Direction de la sécurité sociale / commission des comptes de la sécurité sociale
2027;LFSS;ONDAM;DEPENSES;Fonds d’intervention régional et soutien à l’investissement;publication_future;La LFSS 2027 n’est pas encore votée dans ce lot. Le PLFSS reste une proposition.;;[];Direction de la sécurité sociale / commission des comptes de la sécurité sociale
2027;CONSTATE;ONDAM;DEPENSES;Fonds d’intervention régional et soutien à l’investissement;publication_future;L’exercice annuel n’est pas clôturé à la date de la collecte du 3 octobre 2026.;;[];Direction de la sécurité sociale / commission des comptes de la sécurité sociale
2026;CONSTATE;ONDAM;DEPENSES;Autres prises en charge;publication_future;L’exercice annuel n’est pas clôturé à la date de la collecte du 3 octobre 2026.;;[];Direction de la sécurité sociale / commission des comptes de la sécurité sociale
2027;LFSS;ONDAM;DEPENSES;Autres prises en charge;publication_future;La LFSS 2027 n’est pas encore votée dans ce lot. Le PLFSS reste une proposition.;;[];Direction de la sécurité sociale / commission des comptes de la sécurité sociale
2027;CONSTATE;ONDAM;DEPENSES;Autres prises en charge;publication_future;L’exercice annuel n’est pas clôturé à la date de la collecte du 3 octobre 2026.;;[];Direction de la sécurité sociale / commission des comptes de la sécurité sociale
